1.0048,-0.058581
0.9231,0.03887
0.81187,0.14249
0.81428,0.067362
0.82577,0.079816
0.82347,0.068703
0.82256,0.060082
0.81813,0.060912
0.80994,0.057694
0.7935,0.056283
0.79052,0.056822
0.7995,0.0583
0.80456,0.057044
0.8055,0.059082
0.80559,0.05917
0.80549,0.06033
0.80758,0.058972
0.81098,0.057241
0.80944,0.054145
0.80803,0.054129
0.80886,0.05486
0.81074,0.057313
0.81412,0.057707
0.81744,0.05766
0.81928,0.06075
0.81997,0.06015
0.81934,0.05689
0.81928,0.054669
0.82081,0.056076
0.82293,0.055842
0.82362,0.059291
0.82547,0.061924
0.82559,0.068474
0.82377,0.073671
0.82344,0.081685
0.81863,0.077007
0.81633,0.072819
0.81829,0.072625
0.81291,0.072337
0.80672,0.071557
0.80476,0.062437
0.80804,0.053312
0.81463,0.049606
0.82213,0.048628
0.82498,0.048647
0.82328,0.052296
0.82663,0.040276
0.85812,0.13191
0.92901,0.0010424
1.0008,-0.061582
0.94924,-0.21257
0.8411,-0.019168
0.66495,0.16347
0.64535,0.058989
0.70499,0.10089
0.69298,0.10408
0.6774,0.092835
0.67051,0.099914
0.67244,0.094659
0.67658,0.085565
0.67771,0.080019
0.67778,0.079807
0.6781,0.084724
0.67841,0.087852
0.67929,0.089533
0.67434,0.09062
0.67009,0.093392
0.66784,0.093255
0.66472,0.091874
0.66687,0.09074
0.67063,0.092805
0.67479,0.094476
0.67989,0.096233
0.68435,0.096911
0.6882,0.097956
0.68959,0.092924
0.69094,0.088175
0.69256,0.085516
0.69065,0.083298
0.68972,0.085011
0.68761,0.086164
0.68557,0.086234
0.68361,0.0863
0.68185,0.086151
0.68084,0.085567
0.68035,0.084056
0.67995,0.084115
0.68259,0.085735
0.68281,0.092961
0.68523,0.10144
0.69043,0.11136
0.69401,0.11853
0.69938,0.13047
0.70448,0.14223
0.70889,0.15104
0.71046,0.13249
0.69195,0.05358
0.7156,0.19137
0.81924,-0.0063346
0.97428,-0.24283
0.88766,-0.29073
0.81671,-0.011671
0.6973,0.13311
0.66164,0.0051977
0.71337,0.05828
0.71713,0.05242
0.70983,0.04278
0.69817,0.040668
0.69778,0.042383
0.69383,0.04367
0.69024,0.044816
0.69973,0.046384
0.70744,0.049839
0.70986,0.054143
0.71157,0.057004
0.71111,0.05971
0.71095,0.063067
0.71209,0.064978
0.71027,0.064917
0.70682,0.063148
0.70573,0.061226
0.70196,0.060218
0.69847,0.057669
0.69761,0.055364
0.69764,0.053569
0.69882,0.052171
0.70086,0.053693
0.70181,0.055945
0.70375,0.057346
0.70558,0.057849
0.70701,0.05871
0.70737,0.059416
0.7079,0.060511
0.70933,0.061717
0.71092,0.062909
0.7111,0.063242
0.71044,0.063777
0.70953,0.064481
0.70719,0.066829
0.70493,0.069244
0.70451,0.071571
0.70473,0.073038
0.70599,0.072812
0.711,0.073137
0.72182,0.073451
0.73006,0.039632
0.70946,0.028055
0.70471,0.17597
0.82377,-0.0052533
0.90282,-0.26686
0.92779,-0.28276
0.83433,-0.016183
0.71604,0.15522
0.66931,0.033601
0.72493,0.06179
0.72472,0.071042
0.72004,0.056282
0.72039,0.058688
0.72246,0.061409
0.72405,0.062301
0.72653,0.061757
0.73001,0.06241
0.73126,0.065053
0.73483,0.067234
0.73739,0.068726
0.73818,0.068689
0.7356,0.068734
0.73328,0.068734
0.73051,0.068099
0.72883,0.066354
0.72865,0.063895
0.72798,0.060209
0.72623,0.057833
0.72381,0.055885
0.72169,0.055456
0.71997,0.056843
0.71843,0.05727
0.71642,0.057819
0.71536,0.05825
0.71418,0.059193
0.71291,0.060296
0.71154,0.061192
0.71083,0.061766
0.71229,0.062236
0.71551,0.063148
0.71881,0.064535
0.72059,0.065533
0.72135,0.065987
0.72336,0.066725
0.72542,0.067924
0.72778,0.069774
0.73029,0.070241
0.73362,0.068991
0.73548,0.068695
0.73681,0.070166
0.74065,0.042104
0.70967,0.017611
0.69251,0.15459
0.8345,-0.00053271
0.91142,-0.27562
0.91826,-0.27917
0.84044,-0.0096147
0.71655,0.15473
0.67963,0.022305
0.72674,0.063844
0.71977,0.073803
0.71218,0.068004
0.70578,0.064758
0.70578,0.062733
0.70565,0.061717
0.70723,0.062195
0.71023,0.062415
0.71061,0.064298
0.71101,0.065682
0.70801,0.064312
0.70607,0.063599
0.70459,0.06325
0.70251,0.062363
0.70081,0.060712
0.70057,0.05825
0.701,0.055621
0.70187,0.054288
0.70337,0.053075
0.70484,0.052197
0.70647,0.051934
0.70881,0.053005
0.70996,0.054348
0.71059,0.055837
0.71151,0.057332
0.71246,0.058631
0.71345,0.059848
0.71465,0.060691
0.7154,0.06143
0.71663,0.062572
0.71737,0.063502
0.71791,0.064664
0.71828,0.066049
0.71805,0.066829
0.71657,0.067175
0.71551,0.067097
0.71587,0.063284
0.71655,0.060557
0.71792,0.057866
0.72054,0.056608
0.72449,0.056476
0.72857,0.036886
0.70154,-0.0024081
0.6774,0.15287
0.827,-0.0060545
0.9109,-0.26632
0.92265,-0.2711
0.84669,-0.030711
0.71508,0.15102
0.67919,0.02194
0.73172,0.07054
0.73256,0.071452
0.72246,0.058179
0.71402,0.056119
0.71298,0.060602
0.71701,0.065462
0.72199,0.065244
0.72541,0.064992
0.72543,0.065598
0.72441,0.065709
0.72358,0.066512
0.72337,0.066278
0.72284,0.06499
0.72041,0.063843
0.71937,0.063403
0.7193,0.063232
0.71903,0.062703
0.71822,0.061695
0.71832,0.060912
0.71907,0.060393
0.71936,0.060279
0.72068,0.059985
0.72297,0.059162
0.72495,0.058226
0.72704,0.057877
0.72887,0.057834
0.73063,0.057921
0.73235,0.058675
0.73383,0.059383
0.73462,0.059704
0.73555,0.060182
0.73633,0.060619
0.73704,0.061253
0.73659,0.062131
0.73386,0.063129
0.73051,0.063874
0.72687,0.064358
0.72366,0.062217
0.7214,0.060396
0.71983,0.058543
0.72037,0.056807
0.72115,0.033645
0.69335,0.00034205
0.68671,0.14522
0.82574,-0.0084319
0.90736,-0.25899
0.92399,-0.27267
0.85552,-0.020291
0.70647,0.14907
0.67065,0.015833
0.72426,0.074268
0.72555,0.057894
0.7181,0.04993
0.71209,0.055558
0.70752,0.06196
0.7075,0.067048
0.71058,0.069388
0.71628,0.068366
0.72126,0.067706
0.7249,0.067128
0.72472,0.067064
0.72252,0.067315
0.71877,0.067904
0.71331,0.068039
0.70878,0.068291
0.70506,0.068504
0.70342,0.06894
0.70193,0.06891
0.70225,0.06844
0.70335,0.067961
0.70523,0.067157
0.70709,0.066378
0.70801,0.065032
0.70807,0.063731
0.70813,0.062611
0.70853,0.061226
0.7095,0.060174
0.71062,0.059585
0.71233,0.059251
0.71424,0.058925
0.71665,0.059091
0.7193,0.059634
0.72091,0.060297
0.72313,0.061162
0.72601,0.062149
0.72871,0.063276
0.73095,0.064326
0.73288,0.065112
0.73312,0.065402
0.73363,0.065568
0.73503,0.066009
0.73672,0.036858
0.69198,0.0095324
0.67564,0.13817
0.81875,-0.014853
0.92747,-0.25078
0.9188,-0.27928
0.83946,-0.0067131
0.70827,0.15565
0.66856,0.01526
0.72611,0.090966
0.72873,0.062222
0.72396,0.05204
0.71639,0.056508
0.7096,0.060276
0.70688,0.066905
0.7034,0.067942
0.70361,0.067223
0.70574,0.066067
0.70879,0.065218
0.70968,0.064596
0.7089,0.064563
0.70644,0.064607
0.70303,0.065044
0.69986,0.066739
0.69811,0.068344
0.69706,0.069513
0.69691,0.069809
0.69744,0.070049
0.69919,0.070719
0.70163,0.070285
0.70394,0.069394
0.70543,0.067598
0.70735,0.065701
0.70945,0.064189
0.71146,0.063205
0.71288,0.062389
0.71432,0.061812
0.716,0.060912
0.71792,0.059932
0.72,0.059609
0.72199,0.059599
0.72308,0.059875
0.72395,0.059811
0.72455,0.059845
0.72452,0.060001
0.72411,0.060407
0.72502,0.061401
0.72594,0.062616
0.72756,0.063289
0.73224,0.063789
0.73822,0.052193
0.69721,0.011986
0.69154,0.13852
0.82008,-0.015021
0.92344,-0.2435
0.92391,-0.28652
0.83424,-0.0056281
0.71137,0.15587
0.67146,0.013731
0.72294,0.079467
0.721,0.064901
0.72115,0.056759
0.71779,0.056773
0.71435,0.062922
0.71169,0.066171
0.70948,0.066068
0.70888,0.065216
0.70905,0.064837
0.71022,0.064408
0.71037,0.064209
0.70911,0.064262
0.70721,0.064087
0.70551,0.064479
0.70422,0.064642
0.70342,0.064695
0.70342,0.065485
0.70389,0.066445
0.70464,0.067289
0.70682,0.067545
0.70844,0.067607
0.70952,0.067751
0.71027,0.067551
0.71155,0.067205
0.71376,0.066854
0.7158,0.066459
0.71807,0.06689
0.7204,0.065885
0.7227,0.065104
0.72465,0.064383
0.72639,0.063425
0.72772,0.062388
0.72876,0.061275
0.72987,0.060694
0.73101,0.060698
0.73221,0.060741
0.73305,0.060762
0.73401,0.06077
0.73404,0.060626
0.7343,0.060433
0.73639,0.060818
0.73862,0.058475
0.68691,0.0076614
0.69019,0.13734
0.82518,-0.011971
0.91853,-0.23364
0.92476,-0.28016
0.83967,-0.0062291
0.70466,0.15201
0.67037,0.0068818
0.72793,0.064776
0.72097,0.073062
0.71597,0.058931
0.71229,0.059863
0.70943,0.060775
0.70795,0.057371
0.70625,0.057085
0.70597,0.058194
0.70654,0.059594
0.70761,0.060591
0.70796,0.061243
0.708,0.062279
0.70854,0.063428
0.70926,0.064421
0.70953,0.064853
0.71079,0.06512
0.71212,0.065431
0.71336,0.065619
0.71396,0.065528
0.71451,0.065314
0.71532,0.065479
0.71589,0.065896
0.71684,0.066052
0.71852,0.065955
0.72048,0.06611
0.72245,0.066277
0.72415,0.06642
0.72568,0.06714
0.72722,0.06773
0.7286,0.067407
0.72981,0.06685
0.7304,0.066045
0.73092,0.065296
0.73129,0.064752
0.73118,0.064501
0.73109,0.063796
0.73129,0.06328
0.73158,0.063049
0.73112,0.062979
0.73075,0.062707
0.73132,0.062418
0.73211,0.067535
0.69584,0.00015022
0.70163,0.13888
0.83244,-0.0090138
0.91054,-0.2476
0.92105,-0.26724
0.84923,-0.0089538
0.69562,0.15182
0.67015,0.019983
0.74698,0.056625
0.7199,0.077385
0.71737,0.065421
0.716,0.059803
0.71289,0.060166
0.71202,0.059367
0.71079,0.060675
0.71096,0.06217
0.71122,0.062537
0.71178,0.062762
0.71242,0.062639
0.71183,0.06286
0.71273,0.063691
0.7129,0.064293
0.71233,0.065051
0.71267,0.06619
0.71345,0.066562
0.71354,0.065868
0.71355,0.065013
0.71428,0.064354
0.71504,0.064236
0.71588,0.064229
0.71718,0.064148
0.71843,0.064042
0.71898,0.06408
0.71966,0.064037
0.71988,0.063974
0.71981,0.064175
0.71935,0.064668
0.71901,0.065064
0.71881,0.065441
0.71873,0.065882
0.71868,0.066423
0.71866,0.06677
0.71891,0.067406
0.71955,0.068155
0.72022,0.068911
0.72078,0.069693
0.72114,0.070144
0.72158,0.070383
0.72234,0.07033
0.72305,0.066549
0.68699,-0.00028207
0.70123,0.13619
0.83774,-0.0080253
0.91372,-0.26538
0.91886,-0.27124
0.84829,-0.012723
0.6972,0.15318
0.67103,0.021642
0.75607,0.054214
0.71602,0.082214
0.71149,0.066198
0.71477,0.058922
0.71541,0.059489
0.71605,0.060066
0.71574,0.060923
0.71478,0.061595
0.71598,0.061802
0.71705,0.061938
0.71814,0.06273
0.71651,0.063299
0.71552,0.063876
0.71464,0.064596
0.71381,0.065806
0.71377,0.066026
0.71379,0.066174
0.71378,0.066207
0.71362,0.065261
0.713,0.064315
0.71239,0.063771
0.71175,0.063604
0.711,0.063052
0.71053,0.062826
0.71042,0.062403
0.70998,0.061863
0.7095,0.061314
0.70904,0.061348
0.709,0.061865
0.70921,0.062376
0.70977,0.062792
0.71042,0.063555
0.71115,0.06504
0.71177,0.066346
0.7124,0.067662
0.71338,0.06948
0.71448,0.073385
0.7159,0.076383
0.71731,0.077906
0.71766,0.077976
0.71787,0.077513
0.71811,0.067335
0.68387,0.012975
0.7064,0.13865
0.85057,-0.0048499
0.91221,-0.27533
0.91398,-0.27381
0.84563,-0.014744
0.69699,0.16093
0.6751,0.01771
0.75649,0.056535
0.70558,0.082559
0.70123,0.06676
0.70567,0.060244
0.70915,0.059359
0.71177,0.060329
0.71376,0.060773
0.71422,0.060801
0.71457,0.061223
0.71484,0.062068
0.71509,0.063005
0.71428,0.063522
0.71388,0.06435
0.71341,0.064775
0.71307,0.064745
0.71314,0.064994
0.71258,0.065423
0.71128,0.065875
0.70928,0.066238
0.70776,0.06548
0.70686,0.065025
0.70569,0.064591
0.70499,0.063515
0.70505,0.063232
0.7056,0.06295
0.70609,0.062551
0.70654,0.062154
0.70672,0.061973
0.70708,0.06205
0.70765,0.062434
0.70836,0.063128
0.70925,0.063999
0.70994,0.064951
0.71046,0.065812
0.71085,0.066825
0.71139,0.069524
0.71234,0.072276
0.71364,0.074971
0.71446,0.077211
0.71431,0.077092
0.71437,0.07635
0.7144,0.066265
0.67954,0.0154
0.7074,0.14305
0.85664,-0.0029955
0.91145,-0.28445
0.91781,-0.27263
0.83825,-0.0116
0.69579,0.16151
0.67772,0.015176
0.75623,0.060448
0.70139,0.085144
0.69963,0.067888
0.70442,0.063293
0.70969,0.061816
0.71318,0.062007
0.71579,0.062925
0.71763,0.064163
0.7178,0.064846
0.71641,0.065061
0.71515,0.064878
0.71352,0.064726
0.7123,0.065001
0.7124,0.065407
0.71213,0.065863
0.71132,0.066231
0.71026,0.066606
0.70981,0.067132
0.70968,0.067274
0.70881,0.066222
0.70899,0.065424
0.7095,0.064771
0.71006,0.064297
0.71048,0.064238
0.71093,0.064105
0.71173,0.063643
0.71184,0.063192
0.71229,0.062847
0.7127,0.062619
0.71313,0.062649
0.71361,0.062531
0.71395,0.062488
0.71426,0.062347
0.71478,0.062064
0.71531,0.061752
0.71604,0.061622
0.7168,0.063328
0.71729,0.065528
0.71709,0.067396
0.71644,0.069098
0.71573,0.068769
0.71471,0.064506
0.67569,0.014965
0.69971,0.1463
0.85699,-0.0035902
0.90227,-0.28621
0.92464,-0.27335
0.84281,-0.010048
0.69336,0.17281
0.67625,0.010038
0.75231,0.065538
0.70049,0.086743
0.69939,0.066054
0.7038,0.064887
0.70899,0.063552
0.71249,0.061883
0.71545,0.063052
0.71617,0.063806
0.71474,0.064375
0.71323,0.064268
0.71209,0.064718
0.71149,0.065368
0.711,0.065968
0.7107,0.066226
0.70977,0.06668
0.70905,0.066803
0.70839,0.066936
0.70891,0.067041
0.70961,0.066242
0.71023,0.065413
0.7115,0.065049
0.71209,0.064602
0.71205,0.06402
0.71239,0.063821
0.71285,0.063724
0.71329,0.063586
0.71382,0.063384
0.71425,0.063155
0.71466,0.062769
0.71493,0.062131
0.71545,0.06132
0.71652,0.060583
0.71749,0.059851
0.7185,0.059128
0.71989,0.058351
0.72109,0.057678
0.72213,0.058225
0.72247,0.059226
0.7223,0.060489
0.7215,0.061084
0.72075,0.060915
0.71931,0.062622
0.67588,0.016117
0.69683,0.13395
0.85412,-0.0081447
0.8997,-0.28241
0.92329,-0.2729
0.84688,-0.010543
0.69218,0.17482
0.67605,0.0085075
0.75507,0.066152
0.70439,0.086827
0.70238,0.06623
0.70662,0.065045
0.7109,0.06376
0.71493,0.060863
0.71741,0.062135
0.71573,0.06228
0.71366,0.062068
0.71251,0.062529
0.71285,0.06341
0.71296,0.064407
0.71214,0.065591
0.71082,0.066248
0.70971,0.066854
0.70942,0.06734
0.70916,0.067625
0.70917,0.066197
0.70994,0.06555
0.71158,0.065041
0.71226,0.064196
0.71223,0.063377
0.71222,0.062673
0.71199,0.062213
0.7118,0.061822
0.7119,0.061455
0.71206,0.061233
0.71249,0.061379
0.71315,0.061349
0.71417,0.061142
0.7152,0.060905
0.71612,0.060215
0.71715,0.059549
0.71852,0.059018
0.71987,0.058508
0.72118,0.057982
0.72199,0.057916
0.72204,0.059195
0.72178,0.06012
0.72158,0.060496
0.72278,0.060133
0.72355,0.062556
0.6772,0.012106
0.69435,0.12662
0.84822,-0.010442
0.90694,-0.27727
0.92223,-0.27648
0.84732,-0.01086
0.69406,0.1508
0.67589,0.0059448
0.76506,0.064493
0.71023,0.08392
0.70443,0.061865
0.70599,0.060863
0.70926,0.061589
0.7131,0.059625
0.7151,0.060307
0.7149,0.060557
0.71334,0.060779
0.71347,0.061388
0.7138,0.062616
0.71316,0.064208
0.71295,0.065014
0.71234,0.065554
0.71086,0.065538
0.71032,0.065809
0.71025,0.064168
0.71043,0.063065
0.71084,0.062425
0.71113,0.062276
0.71042,0.062429
0.71029,0.062419
0.7104,0.062275
0.70998,0.062572
0.70896,0.062871
0.70881,0.06314
0.70949,0.063331
0.71013,0.06338
0.71114,0.063254
0.71241,0.062586
0.71358,0.061583
0.71473,0.06035
0.71604,0.059422
0.71733,0.058449
0.71873,0.057654
0.72041,0.058156
0.72136,0.058284
0.72219,0.058409
0.72268,0.058692
0.72312,0.05876
0.72379,0.059015
0.72456,0.063163
0.67499,0.0079947
0.69201,0.12903
0.84449,-0.010476
0.91188,-0.2745
0.91517,-0.27916
0.84478,-0.009442
0.69077,0.14204
0.67693,0.007443
0.7602,0.0671
0.71147,0.07973
0.70483,0.061728
0.70632,0.060339
0.70886,0.059896
0.7113,0.060336
0.71265,0.060753
0.71397,0.060193
0.71385,0.059981
0.71353,0.060351
0.7129,0.061301
0.71205,0.062542
0.71031,0.063687
0.71045,0.064677
0.71036,0.065735
0.71074,0.065603
0.71208,0.064746
0.71381,0.064116
0.7148,0.063506
0.71432,0.063274
0.71267,0.063248
0.71107,0.063342
0.70989,0.063421
0.70966,0.063682
0.70974,0.064006
0.70997,0.064003
0.71044,0.063926
0.71105,0.064167
0.71155,0.06437
0.71262,0.064304
0.7142,0.063999
0.71599,0.063649
0.71758,0.062798
0.71933,0.061822
0.72127,0.061274
0.72247,0.060853
0.7229,0.060458
0.72353,0.060114
0.72408,0.059762
0.72466,0.059615
0.72576,0.059611
0.72661,0.06282
0.6747,0.0059899
0.69275,0.13229
0.83755,-0.011956
0.90667,-0.28
0.91636,-0.28562
0.83432,-0.010342
0.68663,0.14502
0.67738,0.01127
0.76049,0.077688
0.70392,0.084181
0.70589,0.062807
0.70921,0.063806
0.71004,0.062474
0.71071,0.061152
0.71192,0.061284
0.7132,0.061182
0.71373,0.06129
0.71241,0.061695
0.71103,0.063249
0.71074,0.064831
0.71002,0.065391
0.70933,0.065902
0.70954,0.066193
0.71036,0.065805
0.71123,0.065265
0.712,0.065431
0.71301,0.06555
0.71326,0.065665
0.71251,0.065858
0.7115,0.066053
0.71092,0.066185
0.7108,0.066133
0.71152,0.066138
0.71247,0.066358
0.71338,0.066622
0.71383,0.06694
0.71429,0.066672
0.71502,0.066494
0.71622,0.066385
0.71806,0.066272
0.71985,0.066075
0.72163,0.065459
0.72301,0.064487
0.72363,0.063384
0.72451,0.062562
0.72544,0.06175
0.72637,0.061141
0.72743,0.061081
0.72899,0.061362
0.73019,0.061782
0.67457,0.0080107
0.69548,0.1383
0.83294,-0.016125
0.92521,-0.28523
0.91874,-0.28817
0.82753,-0.014616
0.68412,0.15218
0.6778,0.020868
0.75965,0.084282
0.70366,0.090348
0.70682,0.057169
0.71007,0.064026
0.71109,0.064143
0.71131,0.063617
0.71124,0.063209
0.71088,0.063565
0.71111,0.06328
0.71065,0.06346
0.71098,0.063792
0.71055,0.064398
0.70929,0.065587
0.70853,0.066959
0.70989,0.06764
0.71097,0.0668
0.71185,0.066402
0.71178,0.066033
0.71043,0.066019
0.70971,0.066263
0.70946,0.066784
0.709,0.067342
0.70925,0.067776
0.70958,0.068196
0.70972,0.068227
0.71004,0.068414
0.70984,0.068493
0.70986,0.068449
0.70985,0.068014
0.71073,0.067996
0.71203,0.06774
0.71335,0.067156
0.71483,0.06645
0.71652,0.06559
0.71809,0.064452
0.71989,0.063317
0.72209,0.062224
0.72415,0.060987
0.72615,0.060099
0.72826,0.059735
0.73047,0.060413
0.73249,0.061446
0.67407,0.0095815
0.69992,0.14379
0.83531,-0.015697
0.92423,-0.29439
0.91824,-0.28424
0.8295,-0.017597
0.68824,0.14552
0.67746,0.0205
0.75797,0.070758
0.70506,0.092114
0.70721,0.057918
0.71157,0.061074
0.71285,0.062048
0.71226,0.062184
0.71036,0.06259
0.71089,0.061752
0.71292,0.060929
0.71414,0.061338
0.71395,0.06262
0.71371,0.064176
0.71329,0.065892
0.71301,0.06679
0.71259,0.06657
0.71243,0.06579
0.71257,0.064663
0.7122,0.064213
0.71132,0.063941
0.71087,0.064255
0.71014,0.064984
0.70948,0.065474
0.70934,0.066097
0.70946,0.066487
0.70956,0.066416
0.70909,0.066545
0.70857,0.066495
0.70819,0.066104
0.70817,0.065598
0.70891,0.065146
0.71068,0.064747
0.71281,0.063847
0.71503,0.062696
0.71668,0.061796
0.71838,0.061361
0.72051,0.060658
0.72261,0.059873
0.72511,0.059054
0.72756,0.058607
0.73007,0.058759
0.73329,0.059155
0.73606,0.06199
0.67483,0.008211
0.70628,0.14814
0.83953,-0.014011
0.92303,-0.29475
0.91923,-0.27846
0.8329,-0.017453
0.6915,0.1264
0.67666,0.019383
0.75832,0.062723
0.69634,0.088886
0.70135,0.056847
0.70794,0.057866
0.71037,0.059963
0.71117,0.060575
0.71172,0.060733
0.71368,0.060121
0.71494,0.061549
0.71514,0.062776
0.71581,0.06399
0.71603,0.064822
0.71608,0.064727
0.71538,0.064289
0.71488,0.063989
0.7145,0.063857
0.71387,0.063506
0.71283,0.062922
0.71205,0.062428
0.71149,0.0625
0.71101,0.062905
0.71085,0.063234
0.71052,0.063769
0.71024,0.06447
0.71059,0.064655
0.71141,0.064508
0.71237,0.064047
0.71305,0.063486
0.71379,0.063104
0.71458,0.06277
0.71548,0.062342
0.71712,0.061443
0.71858,0.060488
0.7196,0.059814
0.72069,0.059068
0.72242,0.058079
0.72425,0.057678
0.72629,0.05769
0.72874,0.057745
0.7316,0.057847
0.73522,0.057377
0.73849,0.060014
0.67811,0.0073877
0.70971,0.14931
0.84201,-0.012624
0.92595,-0.29526
0.91601,-0.27458
0.8385,-0.017199
0.69246,0.12328
0.67925,0.019305
0.75934,0.054793
0.68836,0.081212
0.69821,0.056767
0.70675,0.057439
0.71178,0.058599
0.7136,0.060657
0.71595,0.061145
0.71816,0.062314
0.71719,0.063823
0.71665,0.064255
0.71684,0.064196
0.71683,0.063989
0.71651,0.063653
0.71595,0.0633
0.71532,0.063742
0.71465,0.064616
0.71355,0.065015
0.71217,0.0649
0.71152,0.064661
0.71145,0.064034
0.71121,0.06337
0.71143,0.063535
0.71191,0.063295
0.71307,0.062122
0.71365,0.061226
0.71394,0.060775
0.71451,0.060432
0.71549,0.060488
0.71645,0.060664
0.71731,0.060693
0.7184,0.060127
0.71942,0.059838
0.72005,0.059462
0.72059,0.059346
0.72171,0.058931
0.72278,0.05863
0.72457,0.058618
0.72668,0.058313
0.72858,0.057808
0.73057,0.057361
0.73329,0.056433
0.73613,0.058011
0.67715,0.0086316
0.71334,0.14197
0.84362,-0.010784
0.9187,-0.29904
0.91762,-0.27456
0.84553,-0.016247
0.69798,0.1512
0.68131,0.015031
0.75913,0.051856
0.68553,0.081183
0.70112,0.057077
0.70936,0.05761
0.71516,0.058691
0.71679,0.061651
0.71773,0.063152
0.71759,0.064482
0.71562,0.065135
0.715,0.065667
0.7151,0.065917
0.71495,0.066257
0.71476,0.066359
0.7148,0.066755
0.7147,0.067042
0.71427,0.067319
0.71362,0.067819
0.71315,0.067822
0.71259,0.067736
0.71205,0.067357
0.71151,0.065954
0.71109,0.063272
0.71141,0.061181
0.71231,0.059452
0.71325,0.058598
0.71399,0.058459
0.71512,0.058352
0.71622,0.058513
0.717,0.058454
0.71792,0.057869
0.71854,0.057345
0.7188,0.05748
0.719,0.057443
0.71939,0.057532
0.71991,0.057644
0.7208,0.058028
0.72228,0.058449
0.72393,0.058047
0.72551,0.057842
0.7274,0.057539
0.72994,0.056818
0.73238,0.055525
0.6747,0.011188
0.71188,0.14135
0.84439,-0.0093852
0.90835,-0.28984
0.91308,-0.26987
0.84613,-0.013623
0.70299,0.16626
0.68221,0.0153
0.75313,0.055275
0.68391,0.081
0.70185,0.057307
0.7102,0.057971
0.71374,0.06094
0.71442,0.064004
0.71513,0.066098
0.71475,0.065916
0.7134,0.066314
0.71207,0.066501
0.71172,0.066746
0.71124,0.066705
0.71086,0.066624
0.71115,0.066747
0.71171,0.066787
0.71168,0.06641
0.7113,0.066336
0.71096,0.06667
0.71059,0.067428
0.71013,0.067659
0.70957,0.065444
0.7094,0.062749
0.70986,0.061484
0.71071,0.060176
0.71156,0.058562
0.71228,0.057057
0.71319,0.056678
0.71424,0.056086
0.71516,0.055658
0.71531,0.055916
0.71533,0.056316
0.71555,0.056875
0.71629,0.057498
0.71709,0.058162
0.71814,0.05858
0.71954,0.058665
0.721,0.058613
0.72218,0.058915
0.72332,0.059136
0.7251,0.05842
0.72801,0.057561
0.73098,0.053175
0.67381,0.012687
0.70953,0.14668
0.84392,-0.0096965
0.90656,-0.28263
0.91841,-0.27202
0.83997,-0.012393
0.70137,0.16143
0.68608,0.018201
0.74412,0.053965
0.685,0.075762
0.70064,0.057177
0.70567,0.059636
0.70717,0.061481
0.70792,0.064963
0.70811,0.066357
0.70844,0.065064
0.70952,0.064792
0.70902,0.065044
0.70955,0.065454
0.71024,0.065942
0.70988,0.06608
0.71031,0.066156
0.71062,0.066084
0.71085,0.065675
0.71039,0.065463
0.71002,0.065894
0.70994,0.066102
0.70965,0.065377
0.70946,0.06506
0.70935,0.063803
0.70958,0.062343
0.71009,0.061037
0.71071,0.059601
0.71143,0.058173
0.71239,0.057226
0.71359,0.056485
0.7146,0.057337
0.71527,0.058301
0.71574,0.058632
0.71629,0.058636
0.71694,0.05878
0.71779,0.058962
0.71917,0.058716
0.72039,0.05849
0.72147,0.058598
0.72198,0.059114
0.72278,0.059034
0.72429,0.058558
0.72656,0.058326
0.72979,0.053565
0.67778,0.012985
0.70434,0.14937
0.84275,-0.0098982
0.89578,-0.27143
0.91753,-0.28058
0.82953,-0.010002
0.70053,0.14583
0.68767,0.010572
0.74082,0.057993
0.6896,0.073249
0.69565,0.058592
0.70023,0.06177
0.70237,0.063594
0.70339,0.066339
0.70407,0.06623
0.70541,0.064228
0.7086,0.064183
0.71047,0.064468
0.71132,0.064894
0.7117,0.064993
0.7112,0.064997
0.71098,0.065241
0.7113,0.065761
0.71152,0.065962
0.71123,0.066079
0.71087,0.06603
0.71069,0.066101
0.70998,0.065916
0.709,0.065425
0.70886,0.064318
0.70932,0.062903
0.71006,0.061991
0.71135,0.061132
0.7127,0.060052
0.71399,0.059134
0.71512,0.05851
0.71579,0.058263
0.71633,0.058649
0.71664,0.059408
0.71711,0.060236
0.71734,0.061002
0.71785,0.061315
0.71835,0.061539
0.71888,0.06179
0.71936,0.061811
0.71973,0.061556
0.72025,0.060603
0.72164,0.059853
0.72401,0.059123
0.72636,0.053976
0.68101,0.012558
0.69926,0.14623
0.84199,-0.0096224
0.89373,-0.25435
0.92258,-0.29238
0.82382,-0.0094912
0.6982,0.14067
0.68524,0.010673
0.73706,0.062816
0.69271,0.0697
0.69535,0.060467
0.70039,0.062825
0.70208,0.06334
0.70281,0.064192
0.70395,0.064618
0.70509,0.064897
0.70784,0.064857
0.7105,0.064972
0.71111,0.065276
0.71177,0.065335
0.71127,0.065209
0.71084,0.065781
0.71098,0.066722
0.71147,0.067824
0.71156,0.067825
0.71122,0.067589
0.71041,0.067346
0.70915,0.066628
0.70842,0.066071
0.70869,0.065254
0.70939,0.065056
0.71006,0.064329
0.7107,0.062919
0.71111,0.061995
0.71145,0.061187
0.71209,0.060401
0.71259,0.060031
0.71318,0.059744
0.71373,0.059549
0.71404,0.059984
0.71486,0.060792
0.71577,0.061679
0.71667,0.062803
0.7172,0.063669
0.71775,0.064177
0.71832,0.063037
0.71884,0.061302
0.71995,0.059843
0.72236,0.058163
0.72578,0.05515
0.68616,0.012476
0.69792,0.14501
0.83922,-0.0092148
0.89902,-0.24949
0.92418,-0.30097
0.81879,-0.0091418
0.69821,0.13868
0.67755,0.017642
0.73012,0.065824
0.6956,0.066858
0.69727,0.062292
0.70231,0.063109
0.7028,0.062928
0.7039,0.064201
0.70491,0.06612
0.70639,0.066332
0.70862,0.066196
0.71064,0.066074
0.71152,0.066352
0.71212,0.0665
0.71096,0.066591
0.71019,0.066748
0.71025,0.067355
0.71058,0.068127
0.71095,0.068421
0.71084,0.068607
0.71029,0.068211
0.70998,0.067634
0.71016,0.066561
0.71047,0.065528
0.71047,0.065246
0.71049,0.064384
0.71037,0.0635
0.71037,0.062519
0.71022,0.061975
0.71041,0.061424
0.7108,0.061537
0.71154,0.061534
0.71228,0.0611
0.71274,0.060636
0.71358,0.060193
0.71442,0.060574
0.71531,0.061567
0.71595,0.062909
0.71675,0.062933
0.7175,0.061008
0.71835,0.059321
0.7201,0.057982
0.72342,0.056636
0.72711,0.05575
0.68697,0.012763
0.69683,0.14355
0.84207,-0.0084391
0.90926,-0.25236
0.92231,-0.29445
0.82209,-0.0096302
0.70052,0.15445
0.67536,0.013554
0.73562,0.067803
0.6985,0.068446
0.69963,0.063259
0.70274,0.062466
0.70392,0.063161
0.70517,0.065024
0.70588,0.067373
0.70695,0.067055
0.70889,0.066785
0.71082,0.067081
0.71262,0.067465
0.7129,0.067506
0.71131,0.067339
0.71052,0.067712
0.71103,0.067896
0.71194,0.068503
0.71273,0.068607
0.71269,0.068776
0.71213,0.068809
0.71091,0.068611
0.71005,0.068112
0.70979,0.067589
0.70998,0.066485
0.71005,0.065624
0.70973,0.064987
0.70966,0.064251
0.70963,0.06332
0.70968,0.062687
0.71001,0.062681
0.71063,0.062672
0.71167,0.06216
0.71304,0.061394
0.71436,0.060746
0.71575,0.059818
0.71711,0.059846
0.71807,0.060743
0.71894,0.059855
0.72019,0.058508
0.72143,0.057459
0.72327,0.056863
0.72654,0.056123
0.72963,0.055745
0.68835,0.012967
0.69569,0.14071
0.84621,-0.0074274
0.92047,-0.24998
0.91589,-0.28706
0.82495,-0.011647
0.69907,0.15172
0.67377,0.013136
0.7398,0.073826
0.70231,0.070937
0.70224,0.064322
0.70341,0.065258
0.70545,0.065876
0.70754,0.066605
0.70897,0.067436
0.70979,0.067678
0.71045,0.067991
0.71221,0.06803
0.71416,0.067911
0.71505,0.067588
0.71398,0.067848
0.71301,0.068382
0.71387,0.068352
0.7152,0.068174
0.7156,0.067916
0.71487,0.067655
0.71386,0.067805
0.71258,0.06762
0.71195,0.067473
0.71119,0.067038
0.71085,0.066868
0.71091,0.066711
0.71045,0.066339
0.71017,0.066131
0.71021,0.065458
0.71046,0.064565
0.71129,0.064179
0.71237,0.063331
0.71393,0.06248
0.71543,0.061566
0.71674,0.060713
0.71808,0.059953
0.71935,0.059273
0.72061,0.058432
0.72208,0.057841
0.72344,0.057347
0.72469,0.057095
0.72638,0.05684
0.72935,0.056776
0.73206,0.054548
0.68921,0.013506
0.69516,0.14105
0.84829,-0.0066875
0.92631,-0.2427
0.91507,-0.28273
0.82614,-0.0085566
0.69457,0.15704
0.67147,0.020238
0.73977,0.073603
0.70581,0.072464
0.70488,0.066731
0.70616,0.065672
0.70849,0.066909
0.71008,0.067765
0.71141,0.068562
0.71319,0.067484
0.71485,0.067684
0.71578,0.067602
0.71646,0.067361
0.71716,0.066823
0.71675,0.066621
0.71608,0.066526
0.71612,0.066125
0.71679,0.065998
0.71666,0.065848
0.71547,0.065371
0.7145,0.065294
0.71334,0.065077
0.71264,0.065427
0.71204,0.06489
0.71158,0.064161
0.71146,0.06393
0.71123,0.064021
0.71129,0.063899
0.71198,0.064123
0.7128,0.064813
0.71378,0.064543
0.71511,0.063751
0.71652,0.063031
0.71794,0.06237
0.71921,0.061797
0.72019,0.061434
0.72133,0.061612
0.72256,0.060695
0.72391,0.059624
0.72526,0.058558
0.72639,0.057864
0.72837,0.057362
0.73155,0.057105
0.73482,0.053846
0.69093,0.01278
0.69784,0.14218
0.85429,-0.005882
0.92288,-0.24482
0.91149,-0.28671
0.82434,-0.0084077
0.68809,0.15393
0.67305,0.022255
0.734,0.070815
0.70577,0.070479
0.70443,0.065498
0.70702,0.062662
0.70898,0.063985
0.71091,0.064641
0.71278,0.065097
0.71513,0.065964
0.71639,0.065533
0.71783,0.06503
0.71896,0.064463
0.71898,0.064351
0.71791,0.064492
0.7164,0.063824
0.71586,0.063478
0.7166,0.063391
0.71707,0.063373
0.71607,0.06311
0.71529,0.062661
0.71438,0.062127
0.71344,0.062364
0.71311,0.062632
0.71263,0.06251
0.71261,0.062682
0.71238,0.063215
0.71204,0.063752
0.7122,0.063886
0.71266,0.064299
0.71385,0.064498
0.71524,0.064497
0.7166,0.06444
0.71824,0.064182
0.71993,0.064485
0.72159,0.064607
0.72279,0.064626
0.72392,0.06376
0.72515,0.062785
0.72626,0.061918
0.72778,0.060395
0.73008,0.059219
0.73407,0.058205
0.73786,0.053977
0.69275,0.011567
0.7043,0.13813
0.85313,-0.0051877
0.92493,-0.24812
0.90936,-0.28367
0.82394,-0.0064223
0.68842,0.15108
0.67398,0.018851
0.72758,0.071373
0.70359,0.070966
0.70336,0.066267
0.70603,0.062127
0.70728,0.063731
0.70923,0.063475
0.71178,0.062791
0.71427,0.062452
0.71607,0.062554
0.71786,0.062364
0.71911,0.062298
0.71891,0.06223
0.7177,0.062346
0.71638,0.062349
0.71569,0.061814
0.71621,0.061783
0.71652,0.061678
0.71575,0.061804
0.71496,0.06205
0.71449,0.062101
0.71377,0.062192
0.71309,0.062577
0.71287,0.062814
0.71274,0.063014
0.71263,0.063671
0.71238,0.064583
0.71264,0.065111
0.71323,0.065896
0.71444,0.067113
0.71616,0.068375
0.7181,0.069482
0.72008,0.070297
0.72223,0.070067
0.72406,0.069745
0.72592,0.0685
0.72779,0.067244
0.72952,0.066025
0.73168,0.064887
0.73369,0.063171
0.73639,0.061875
0.7402,0.06009
0.7438,0.057791
0.69858,0.012674
0.71389,0.128
0.85726,-0.0056825
0.91752,-0.24652
0.90982,-0.27933
0.83074,-0.0069989
0.69059,0.15445
0.67922,0.022464
0.73978,0.076039
0.70245,0.071702
0.70153,0.068685
0.70505,0.065958
0.70554,0.065485
0.70696,0.064575
0.70884,0.064379
0.71146,0.062878
0.71371,0.061853
0.71503,0.06136
0.71546,0.060482
0.71473,0.059276
0.71379,0.059417
0.71284,0.060313
0.71183,0.060903
0.71257,0.06156
0.71294,0.061942
0.71259,0.062222
0.71223,0.062383
0.71182,0.06292
0.71138,0.063338
0.71127,0.063584
0.71171,0.064231
0.71262,0.064677
0.71366,0.064912
0.71479,0.065576
0.71631,0.066141
0.7184,0.066619
0.7205,0.067999
0.72248,0.06915
0.72431,0.070087
0.72627,0.071231
0.72806,0.072322
0.72964,0.072776
0.73132,0.072081
0.73268,0.071323
0.73416,0.069942
0.73561,0.068529
0.73692,0.067649
0.73959,0.066301
0.74375,0.064457
0.74776,0.060337
0.70213,0.014318
0.71999,0.11974
0.86273,-0.0060794
0.91053,-0.2437
0.91514,-0.27603
0.8372,-0.0057601
0.69078,0.15737
0.67769,0.016997
0.75473,0.077572
0.71506,0.075594
0.70377,0.07405
0.70712,0.072279
0.70642,0.072802
0.70695,0.07088
0.70901,0.067862
0.71171,0.064947
0.71326,0.062824
0.7131,0.061418
0.71222,0.060388
0.71047,0.059806
0.70916,0.059549
0.70778,0.059759
0.7073,0.060231
0.70882,0.060676
0.71028,0.061017
0.71075,0.061592
0.71035,0.062652
0.71008,0.063001
0.70963,0.063757
0.70932,0.06475
0.70908,0.065951
0.70908,0.066252
0.7096,0.066439
0.71054,0.066562
0.7118,0.066435
0.71362,0.066752
0.71545,0.06748
0.71724,0.068965
0.71952,0.070554
0.72158,0.071186
0.72323,0.070999
0.72469,0.070882
0.72578,0.070571
0.72692,0.070844
0.72785,0.070227
0.72872,0.069122
0.72977,0.068277
0.73333,0.066799
0.73843,0.065001
0.74358,0.061579
0.70152,0.01345
0.73395,0.11425
0.8604,-0.0061768
0.91075,-0.24585
0.91439,-0.27795
0.84356,-0.0056229
0.69423,0.15905
0.68023,0.013436
0.76443,0.072953
0.73223,0.076713
0.70612,0.076463
0.70864,0.075947
0.70763,0.07754
0.70777,0.076607
0.70777,0.072842
0.70876,0.068114
0.70973,0.065605
0.70999,0.063807
0.7102,0.062687
0.70926,0.062934
0.70892,0.062488
0.70888,0.061847
0.70904,0.061478
0.71023,0.061721
0.71137,0.062161
0.71167,0.062907
0.71142,0.06326
0.71097,0.063336
0.71058,0.063428
0.71021,0.063524
0.71012,0.063931
0.70981,0.064635
0.70956,0.064794
0.70961,0.065004
0.70975,0.06569
0.71027,0.066485
0.71107,0.06712
0.71233,0.067609
0.71399,0.068201
0.71548,0.068271
0.71707,0.069146
0.7187,0.069215
0.72006,0.069229
0.72166,0.069583
0.72318,0.069543
0.72399,0.068985
0.72514,0.067867
0.72849,0.065964
0.73288,0.063186
0.73755,0.061902
0.70369,0.010429
0.74167,0.11312
0.85687,-0.0059713
0.90833,-0.25279
0.92208,-0.27413
0.84116,-0.0060303
0.6925,0.16185
0.68432,0.0091642
0.76486,0.068115
0.74321,0.074546
0.71375,0.071717
0.70729,0.07276
0.70519,0.074109
0.70408,0.075564
0.70485,0.073315
0.70605,0.069691
0.70615,0.067381
0.70594,0.065854
0.70559,0.065341
0.70531,0.064463
0.70534,0.063389
0.70552,0.062559
0.70626,0.061913
0.70737,0.061949
0.70847,0.061748
0.70921,0.061708
0.70955,0.061853
0.70967,0.061778
0.7093,0.061684
0.70856,0.062068
0.70796,0.062735
0.70748,0.062922
0.70703,0.063769
0.70674,0.064494
0.7069,0.064931
0.70759,0.065628
0.70857,0.066107
0.70949,0.066941
0.71095,0.067386
0.71252,0.067563
0.71419,0.067532
0.71594,0.067663
0.71765,0.067822
0.71915,0.068227
0.72053,0.068111
0.72112,0.067347
0.72295,0.066573
0.72608,0.064971
0.73039,0.062645
0.73473,0.064663
0.7023,0.010347
0.74523,0.11716
0.86046,-0.0035404
0.89413,-0.25978
0.92249,-0.2815
0.84154,-0.0027775
0.69141,0.15422
0.68458,0.011812
0.76491,0.068828
0.75101,0.07043
0.71813,0.067702
0.70793,0.068007
0.70566,0.068244
0.70573,0.069465
0.70622,0.06897
0.70663,0.068213
0.7074,0.066786
0.70844,0.065433
0.70802,0.064573
0.70778,0.063771
0.70816,0.062845
0.70847,0.062445
0.7092,0.062252
0.70969,0.062002
0.7102,0.06157
0.71093,0.06111
0.71083,0.061348
0.71077,0.061434
0.71031,0.061887
0.7099,0.062096
0.70932,0.062796
0.70859,0.063197
0.70803,0.063686
0.70724,0.0648
0.70707,0.065737
0.70738,0.065614
0.70793,0.067097
0.7089,0.068236
0.71002,0.068624
0.71142,0.068411
0.71274,0.067879
0.71408,0.067627
0.71568,0.067411
0.7167,0.06696
0.71711,0.065642
0.71753,0.06431
0.71905,0.06316
0.72222,0.062413
0.72673,0.06188
0.7317,0.064004
0.6981,0.010779
0.74432,0.13462
0.85699,-0.0010879
0.88883,-0.26021
0.92143,-0.28924
0.84809,-0.00025157
0.69201,0.14764
0.68095,0.006888
0.75741,0.058726
0.74588,0.069674
0.7185,0.066103
0.7106,0.064872
0.70874,0.064386
0.70846,0.064195
0.70897,0.064534
0.70935,0.06566
0.71008,0.066148
0.71038,0.065259
0.71087,0.063725
0.71142,0.062374
0.71164,0.061589
0.71188,0.061261
0.71193,0.061135
0.71127,0.062231
0.71149,0.063037
0.71147,0.062554
0.71144,0.062315
0.71143,0.062678
0.71079,0.063099
0.71052,0.063146
0.71039,0.06299
0.7102,0.064041
0.71009,0.064691
0.71034,0.065363
0.71042,0.065994
0.71047,0.067221
0.71088,0.068515
0.71135,0.069302
0.71188,0.069358
0.71261,0.06883
0.71399,0.068524
0.7152,0.068136
0.71624,0.067327
0.71693,0.066075
0.71689,0.064571
0.71749,0.062732
0.71842,0.061012
0.72021,0.05987
0.72287,0.059788
0.72619,0.064285
0.69433,0.012224
0.74123,0.15064
0.85238,2.2733e-05
0.89092,-0.25822
0.9331,-0.29996
0.86044,-0.0011319
0.6947,0.14132
0.68114,0.019074
0.75247,0.069551
0.74337,0.069121
0.72064,0.066836
0.71581,0.064602
0.71327,0.064635
0.71158,0.066141
0.71091,0.067559
0.71111,0.067277
0.71194,0.06701
0.71246,0.066351
0.71303,0.065687
0.71303,0.064745
0.7128,0.063916
0.71294,0.063875
0.7118,0.063964
0.70951,0.064104
0.70981,0.064505
0.71054,0.065638
0.71154,0.065547
0.71236,0.065035
0.71216,0.065253
0.71199,0.065995
0.71218,0.065905
0.71233,0.065739
0.71276,0.065975
0.71306,0.066927
0.71327,0.068362
0.71352,0.068665
0.71389,0.068768
0.71437,0.069134
0.71498,0.069976
0.71571,0.070276
0.71652,0.069613
0.71734,0.069045
0.71814,0.067441
0.71837,0.065672
0.71887,0.064855
0.71948,0.064236
0.71974,0.063821
0.7195,0.06395
0.72147,0.063602
0.72394,0.064237
0.6883,0.024578
0.73043,0.15359
0.84427,2.2733e-05
0.89519,-0.25658
0.92756,-0.29864
0.862,-0.0011738
0.70065,0.14036
0.68709,0.023028
0.75067,0.063848
0.74678,0.070573
0.72889,0.067246
0.71907,0.0654
0.71515,0.064377
0.71361,0.065265
0.71304,0.065552
0.71382,0.065435
0.7145,0.065386
0.7154,0.065008
0.71525,0.063687
0.71491,0.06249
0.71446,0.062967
0.71216,0.063593
0.71023,0.065122
0.7084,0.066462
0.70835,0.06697
0.70859,0.067628
0.70919,0.067928
0.71004,0.06856
0.71079,0.070051
0.71178,0.07073
0.7129,0.070965
0.71384,0.070713
0.71404,0.070331
0.71418,0.069532
0.71439,0.069473
0.7145,0.069987
0.71474,0.06979
0.71538,0.070204
0.71611,0.070859
0.71666,0.070404
0.71721,0.069478
0.71792,0.06772
0.71814,0.066379
0.7179,0.065706
0.71795,0.065558
0.71751,0.065746
0.71679,0.06603
0.71717,0.066152
0.71822,0.066206
0.71924,0.063345
0.68163,0.046682
0.72328,0.15741
0.83135,2.2733e-05
0.89808,-0.2538
0.90847,-0.29081
0.85767,-0.00083392
0.70363,0.15333
0.69606,0.033781
0.74942,0.050054
0.74968,0.076221
0.73079,0.066559
0.71839,0.063358
0.71415,0.061963
0.71265,0.061986
0.71195,0.062311
0.71345,0.063511
0.71406,0.063246
0.71407,0.063584
0.71309,0.063268
0.71123,0.062841
0.70957,0.062852
0.7079,0.063529
0.70633,0.063603
0.70489,0.063504
0.70443,0.064234
0.70469,0.065071
0.70505,0.06708
0.70566,0.069103
0.70618,0.07136
0.70618,0.071878
0.70685,0.071677
0.70779,0.072122
0.70897,0.072476
0.7098,0.070313
0.70989,0.069732
0.71007,0.069332
0.71032,0.068608
0.71081,0.068062
0.71112,0.06854
0.71163,0.067761
0.71215,0.066992
0.71284,0.065706
0.71325,0.06459
0.71406,0.063618
0.715,0.063687
0.71626,0.064233
0.71743,0.065614
0.71879,0.06737
0.72006,0.069168
0.72103,0.065109
0.68195,0.072208
0.71882,0.147
0.82354,2.2733e-05
0.90088,-0.25311
0.89549,-0.28979
0.85212,-0.0010144
0.70671,0.16422
0.70284,0.042558
0.74549,0.055261
0.74308,0.071105
0.72709,0.074389
0.71599,0.066151
0.71059,0.062725
0.70916,0.062846
0.70801,0.062977
0.70893,0.064668
0.70931,0.065977
0.70799,0.064549
0.70702,0.063893
0.70487,0.065008
0.70267,0.065234
0.70107,0.0656
0.7,0.066389
0.6987,0.067502
0.6982,0.06847
0.69834,0.069204
0.69878,0.070414
0.69933,0.071945
0.69979,0.073635
0.70031,0.074728
0.70084,0.074733
0.70137,0.074824
0.70214,0.073977
0.70277,0.071653
0.70383,0.070223
0.70503,0.070265
0.70548,0.069842
0.70632,0.068871
0.70761,0.067769
0.70887,0.066918
0.71006,0.065776
0.71106,0.065114
0.71156,0.064732
0.71236,0.064153
0.71384,0.063649
0.71549,0.064316
0.71736,0.066474
0.71945,0.067274
0.72173,0.067867
0.7237,0.069674
0.68587,0.064216
0.72373,0.14366
0.82214,2.2733e-05
0.92154,-0.25663
0.88625,-0.29738
0.8479,0.0040787
0.7119,0.15513
0.7089,0.051822
0.74232,0.060201
0.73988,0.069433
0.73081,0.066863
0.72041,0.07435
0.7124,0.069855
0.71079,0.06816
0.70948,0.067348
0.70733,0.067429
0.70699,0.067848
0.70605,0.066894
0.70515,0.065453
0.70322,0.065621
0.70044,0.065924
0.69845,0.065623
0.69692,0.066089
0.69553,0.06697
0.69448,0.068124
0.69455,0.069164
0.69486,0.069826
0.69547,0.070757
0.6961,0.071582
0.69634,0.07174
0.69647,0.070409
0.69697,0.069084
0.69797,0.068199
0.69901,0.067854
0.70036,0.070464
0.70189,0.071035
0.70401,0.071449
0.70558,0.071681
0.70723,0.072071
0.70897,0.071471
0.71076,0.069364
0.71181,0.067616
0.71289,0.066921
0.71411,0.067982
0.71502,0.068196
0.71643,0.0682
0.71792,0.067341
0.71996,0.066208
0.72167,0.065974
0.72298,0.069946
0.68686,0.047692
0.72833,0.14065
0.81968,2.2733e-05
0.92337,-0.26896
0.89044,-0.29666
0.84171,0.0036009
0.7113,0.15223
0.71494,0.060301
0.74407,0.062463
0.74768,0.071339
0.7402,0.06868
0.72895,0.069037
0.71812,0.070168
0.71294,0.072192
0.70901,0.074687
0.70647,0.074253
0.70558,0.073225
0.70511,0.071926
0.70366,0.069084
0.70244,0.066551
0.70019,0.06491
0.69871,0.066086
0.6976,0.067339
0.69664,0.067994
0.69604,0.068738
0.69682,0.069492
0.69838,0.069848
0.69984,0.069792
0.70058,0.069433
0.7011,0.068536
0.70147,0.067805
0.70188,0.068216
0.70265,0.068604
0.70364,0.068829
0.70427,0.069166
0.70553,0.069457
0.7066,0.070837
0.70787,0.073207
0.70886,0.074955
0.70977,0.076241
0.71,0.075758
0.71004,0.074241
0.712,0.072694
0.7137,0.071999
0.71567,0.071896
0.71744,0.071448
0.71891,0.071098
0.71985,0.070119
0.72197,0.069085
0.72469,0.071118
0.68549,0.03709
0.72869,0.14461
0.82212,2.2733e-05
0.89989,-0.27324
0.89948,-0.28601
0.83294,-0.0032517
0.70256,0.15453
0.71932,0.070309
0.75214,0.063501
0.74936,0.073719
0.7386,0.069853
0.72716,0.068714
0.71847,0.071595
0.71388,0.074688
0.7075,0.078969
0.70225,0.083133
0.70008,0.082158
0.69868,0.080182
0.69771,0.076389
0.69715,0.073014
0.69636,0.070272
0.69629,0.069613
0.69674,0.070331
0.69754,0.070147
0.69849,0.070282
0.70015,0.070829
0.70174,0.07085
0.70273,0.070915
0.70378,0.07107
0.70472,0.07136
0.70532,0.071661
0.70656,0.071917
0.70793,0.07262
0.70921,0.073835
0.70986,0.073698
0.71054,0.073902
0.71156,0.074552
0.71262,0.075418
0.71414,0.076682
0.71506,0.077016
0.71528,0.077595
0.71632,0.078405
0.7177,0.076668
0.71864,0.075296
0.71913,0.074168
0.71919,0.072708
0.71902,0.071161
0.7191,0.068952
0.71982,0.066206
0.72106,0.06236
0.67962,0.02168
0.70971,0.15245
0.81896,-0.0086832
0.90945,-0.25984
0.89584,-0.28639
0.82222,-0.0034072
0.692,0.14287
0.71082,0.09525
0.73658,0.077283
0.73683,0.06884
0.72654,0.067687
0.71781,0.068174
0.7122,0.070853
0.70949,0.07338
0.70664,0.076982
0.70206,0.080432
0.6983,0.08375
0.69614,0.083776
0.69601,0.081907
0.69704,0.078516
0.698,0.074652
0.69842,0.073713
0.69843,0.074992
0.69836,0.075915
0.69798,0.076782
0.69964,0.07778
0.70097,0.076525
0.70236,0.075372
0.70323,0.07442
0.7041,0.074113
0.70444,0.075448
0.70494,0.076787
0.70514,0.078245
0.70536,0.078286
0.70574,0.076537
0.70647,0.075776
0.70716,0.076621
0.7078,0.078111
0.70898,0.079295
0.70841,0.080002
0.70711,0.078314
0.70685,0.076091
0.70692,0.074495
0.70715,0.072763
0.70686,0.069607
0.70661,0.066967
0.70648,0.066316
0.70486,0.065886
0.70273,0.065721
0.70302,0.056331
0.66359,-0.02855
0.67217,0.15104
0.80454,-0.0076598
0.9167,-0.23666
0.88606,-0.21168
0.80668,0.00045124
0.6807,0.11645
0.70444,0.11657
0.733,0.082632
0.7316,0.063981
0.71815,0.064184
0.71106,0.066212
0.70666,0.070992
0.7043,0.074332
0.70143,0.076939
0.69854,0.087217
0.69698,0.090097
0.69573,0.089739
0.69344,0.094853
0.69115,0.095944
0.69123,0.095549
0.69258,0.095044
0.6953,0.094497
0.6971,0.092886
0.69795,0.091306
0.69813,0.090977
0.69814,0.091965
0.69802,0.092543
0.69785,0.093212
0.69746,0.094645
0.69712,0.097426
0.69695,0.099396
0.69723,0.096746
0.69805,0.090045
0.69926,0.084437
0.7005,0.081901
0.70131,0.081338
0.70157,0.081779
0.70151,0.080926
0.70093,0.080576
0.7004,0.080094
0.69986,0.079106
0.69977,0.078357
0.70031,0.0781
0.70023,0.077249
0.69771,0.076138
0.69544,0.074422
0.69293,0.073184
0.69275,0.072377
0.69301,0.055075
0.66223,-0.069427
0.65118,0.13991
0.7934,-0.00034791
0.98125,-0.21043
1.0616,-0.074438
0.84066,0.0046479
0.74153,0.11472
0.75962,0.050141
0.7683,0.044454
0.78005,0.038733
0.78918,0.034684
0.79605,0.038103
0.80004,0.046325
0.80169,0.052968
0.80372,0.058197
0.80601,0.06052
0.80764,0.063794
0.81006,0.066951
0.81192,0.070099
0.81272,0.073301
0.81239,0.07636
0.81308,0.078169
0.81403,0.079964
0.81733,0.080873
0.82068,0.081913
0.82325,0.08349
0.82447,0.085224
0.82161,0.085663
0.82233,0.084508
0.82508,0.082426
0.82086,0.080193
0.81249,0.078619
0.80761,0.07827
0.80746,0.079637
0.80922,0.081219
0.81113,0.082992
0.81049,0.084884
0.80751,0.085959
0.80237,0.086799
0.79898,0.087254
0.79709,0.088061
0.79996,0.089066
0.80273,0.089687
0.80326,0.089319
0.80358,0.088872
0.80246,0.088282
0.80185,0.088486
0.80247,0.088604
0.80308,0.08296
0.79725,0.082338
0.78901,0.078256
0.82762,0.099354
0.99666,0.036008
1.0002,-0.098371
